sequence,duplicate_count
VPP,33
IPP,33
LHLPLP,27
VRGPFPIIV,26
GPVRGPFPIIV,19
VRGPFP,17
RPKHPIKHQ,15
LHLPLPL,12
RDMPIQAF,12
KVLPVPQ,11
DKIHPF,10
YQEPVLGPVRGPFPIIV,10
SKVLPVPQ,10
LLYQEPVLGPVRGPFPIIV,10
YQEPVL,10
YQEPVLGPVR,10
GPFPIIV,10
LVYPFPGPIPNSLPQNIPP,8
LQP,8
LLP,8
VLGPVRGPFP,7
LTQTPVVVPPF,7
DKIHP,6
VVVPPF,6
LLRF,6
TVQVTSTAV,5
VLPVPQK,5
FTESQS,5
FVAPFP,5
NVPGEIVE,4
AW,4
AF,4
RPKHPI,4
LEIVPK,4
VLGPVRGPFPIIV,4
FAQTQS,4
VLNENL,4
QP,4
PP,4
YP,3
QEPVLGPVRGPFPIIV,3
AMKPWIQPK,3
MKPWIQPK,3
TKVIP,3
WL,3
RPKHPIK,3
FVAPFPEVF,3
KKYKVPQLE,3
FP,3
FVAPFPE,3
IY,3
VW,3
FISNHAY,3
VLGP,3
RELEE,3
PQRDMP,3
LLYQEP,3
LTLTDVEN,3
LHLPLPLL,3
NIPPLTQTPV,2
KVLPVPE,2
LVYPFP,2
PYVRYL,2
EVLNENLLRF,2
FVAPFPEVFGK,2
YPSYGL,2
SLPQNIPPL,2
TQTPVVVP,2
GVPKVKE,2
GW,2
AY,2
SY,2
GY,2
VP,2
AI,2
VG,2
IF,2
GPVRGPFP,2
IPPL,2
LVQGS,2
IFL,2
DPVAPLQRSGPEI,2
IQP,2
IIP,2
LIP,2
LPP,2
EMPFPKYPVEP,2
VGGASLKPEF,2
VGLDTTKF,2
AAVYKALSDHHIY,2
LSGGQSEEEASINL,2
SPLPVIPH,2
IKNYPVVSIED,2
VIQTGVD,2
FVAPFPQV,2
QSKVLPVPE,2
SLSQSKVLPVPE,2
KVKPVPEKAVPYPQ,2
GVSKVEAMAPKHKEMPFPKYPVQPF,2
TQTPVVVPPFLQPEVM,2
FPGP,2
KAVPYPQE,2
SWM,2
SLSQKVLPVPE,2
HKEMPFPKYPVQPF,2
QQPVLGPVRGPFPIIV,2
SLPQNIPPLTQTPVV.QPEVM,2
PGPIHN,2
IPPLTQ,2
LQPEVMG,2
LGTQY,2
LQDKIHP,2
HLPLP,2
VMFPPQS,2
YPYY,2
VY,2
FY,2
IW,2
LW,2
FVAPFPEVFGKEKVNELSKDIGSE,2
