record_id,source_record_id,sequence,ic50_raw,ic50_value,ic50_unit,ic50_relation,ic50_uM,ic50_parse_status,ic50_parse_note,raw_text_path,detail_report_url,notes
biopep_ace_000006,2622,NILP,560.00 [EC50],560.0,,=,,numeric_no_unit,numeric_value_present_but_unit_missing,E:\MYS\PepDB\DB\raw\ace\databases\BIOPEP_UWM\experimental\raw_txt\detail_cards\detail_report_2622.txt,https://biochemia.uwm.edu.pl/biopep/peptidedatacard.php?zm_ID=2622,ic50_needs_manual_review
biopep_ace_000012,2628,LIYP,10.00 [EC50],10.0,,=,,numeric_no_unit,numeric_value_present_but_unit_missing,E:\MYS\PepDB\DB\raw\ace\databases\BIOPEP_UWM\experimental\raw_txt\detail_cards\detail_report_2628.txt,https://biochemia.uwm.edu.pl/biopep/peptidedatacard.php?zm_ID=2628,ic50_needs_manual_review
biopep_ace_000015,2631,PQPLIYP,3.00 [EC50],3.0,,=,,numeric_no_unit,numeric_value_present_but_unit_missing,E:\MYS\PepDB\DB\raw\ace\databases\BIOPEP_UWM\experimental\raw_txt\detail_cards\detail_report_2631.txt,https://biochemia.uwm.edu.pl/biopep/peptidedatacard.php?zm_ID=2631,ic50_needs_manual_review
biopep_ace_000029,2649,NPPHQIYP,37.00 [EC50],37.0,,=,,numeric_no_unit,numeric_value_present_but_unit_missing,E:\MYS\PepDB\DB\raw\ace\databases\BIOPEP_UWM\experimental\raw_txt\detail_cards\detail_report_2649.txt,https://biochemia.uwm.edu.pl/biopep/peptidedatacard.php?zm_ID=2649,ic50_needs_manual_review
biopep_ace_000040,2662,VPQPIP,290.00 [EC50],290.0,,=,,numeric_no_unit,numeric_value_present_but_unit_missing,E:\MYS\PepDB\DB\raw\ace\databases\BIOPEP_UWM\experimental\raw_txt\detail_cards\detail_report_2662.txt,https://biochemia.uwm.edu.pl/biopep/peptidedatacard.php?zm_ID=2662,ic50_needs_manual_review
biopep_ace_000046,2668,LHLP,210.00 [EC50],210.0,,=,,numeric_no_unit,numeric_value_present_but_unit_missing,E:\MYS\PepDB\DB\raw\ace\databases\BIOPEP_UWM\experimental\raw_txt\detail_cards\detail_report_2668.txt,https://biochemia.uwm.edu.pl/biopep/peptidedatacard.php?zm_ID=2668,ic50_needs_manual_review
biopep_ace_000048,2671,NLHLP,420.00 [EC50],420.0,,=,,numeric_no_unit,numeric_value_present_but_unit_missing,E:\MYS\PepDB\DB\raw\ace\databases\BIOPEP_UWM\experimental\raw_txt\detail_cards\detail_report_2671.txt,https://biochemia.uwm.edu.pl/biopep/peptidedatacard.php?zm_ID=2671,ic50_needs_manual_review
biopep_ace_000058,3345,DMIPAQK,45.00 [EC50],45.0,,=,,numeric_no_unit,numeric_value_present_but_unit_missing,E:\MYS\PepDB\DB\raw\ace\databases\BIOPEP_UWM\experimental\raw_txt\detail_cards\detail_report_3345.txt,https://biochemia.uwm.edu.pl/biopep/peptidedatacard.php?zm_ID=3345,ic50_needs_manual_review
biopep_ace_000205,7601,GH,3100.00 [EC50],3100.0,,=,,numeric_no_unit,numeric_value_present_but_unit_missing,E:\MYS\PepDB\DB\raw\ace\databases\BIOPEP_UWM\experimental\raw_txt\detail_cards\detail_report_7601.txt,https://biochemia.uwm.edu.pl/biopep/peptidedatacard.php?zm_ID=7601,ic50_needs_manual_review
biopep_ace_000242,7826,EI,0.00 [EC50],0.0,,=,,numeric_no_unit,numeric_value_present_but_unit_missing,E:\MYS\PepDB\DB\raw\ace\databases\BIOPEP_UWM\experimental\raw_txt\detail_cards\detail_report_7826.txt,https://biochemia.uwm.edu.pl/biopep/peptidedatacard.php?zm_ID=7826,ic50_needs_manual_review
biopep_ace_000243,7827,IE,0.00 [EC50],0.0,,=,,numeric_no_unit,numeric_value_present_but_unit_missing,E:\MYS\PepDB\DB\raw\ace\databases\BIOPEP_UWM\experimental\raw_txt\detail_cards\detail_report_7827.txt,https://biochemia.uwm.edu.pl/biopep/peptidedatacard.php?zm_ID=7827,ic50_needs_manual_review
biopep_ace_000244,7828,EV,0.00 [EC50],0.0,,=,,numeric_no_unit,numeric_value_present_but_unit_missing,E:\MYS\PepDB\DB\raw\ace\databases\BIOPEP_UWM\experimental\raw_txt\detail_cards\detail_report_7828.txt,https://biochemia.uwm.edu.pl/biopep/peptidedatacard.php?zm_ID=7828,ic50_needs_manual_review
biopep_ace_000252,7836,PP,0.00 [EC50],0.0,,=,,numeric_no_unit,numeric_value_present_but_unit_missing,E:\MYS\PepDB\DB\raw\ace\databases\BIOPEP_UWM\experimental\raw_txt\detail_cards\detail_report_7836.txt,https://biochemia.uwm.edu.pl/biopep/peptidedatacard.php?zm_ID=7836,ic50_needs_manual_review
biopep_ace_000263,8096,AGSS,672.10 [EC50],672.1,,=,,numeric_no_unit,numeric_value_present_but_unit_missing,E:\MYS\PepDB\DB\raw\ace\databases\BIOPEP_UWM\experimental\raw_txt\detail_cards\detail_report_8096.txt,https://biochemia.uwm.edu.pl/biopep/peptidedatacard.php?zm_ID=8096,ic50_needs_manual_review
biopep_ace_000282,8298,VTVNPYKWLP,5.50 [EC50],5.5,,=,,numeric_no_unit,numeric_value_present_but_unit_missing,E:\MYS\PepDB\DB\raw\ace\databases\BIOPEP_UWM\experimental\raw_txt\detail_cards\detail_report_8298.txt,https://biochemia.uwm.edu.pl/biopep/peptidedatacard.php?zm_ID=8298,ic50_needs_manual_review
biopep_ace_000297,8417,MVGSAPGVL,3.09 [EC50],3.09,,=,,numeric_no_unit,numeric_value_present_but_unit_missing,E:\MYS\PepDB\DB\raw\ace\databases\BIOPEP_UWM\experimental\raw_txt\detail_cards\detail_report_8417.txt,https://biochemia.uwm.edu.pl/biopep/peptidedatacard.php?zm_ID=8417,ic50_needs_manual_review
biopep_ace_000307,8961,GMKCAF,0.00 [EC50],0.0,,=,,numeric_no_unit,numeric_value_present_but_unit_missing,E:\MYS\PepDB\DB\raw\ace\databases\BIOPEP_UWM\experimental\raw_txt\detail_cards\detail_report_8961.txt,https://biochemia.uwm.edu.pl/biopep/peptidedatacard.php?zm_ID=8961,ic50_needs_manual_review
biopep_ace_000309,8968,ASL,102.15 [EC50],102.15,,=,,numeric_no_unit,numeric_value_present_but_unit_missing,E:\MYS\PepDB\DB\raw\ace\databases\BIOPEP_UWM\experimental\raw_txt\detail_cards\detail_report_8968.txt,https://biochemia.uwm.edu.pl/biopep/peptidedatacard.php?zm_ID=8968,ic50_needs_manual_review
biopep_ace_000335,9037,GKV,3.89 [EC50],3.89,,=,,numeric_no_unit,numeric_value_present_but_unit_missing,E:\MYS\PepDB\DB\raw\ace\databases\BIOPEP_UWM\experimental\raw_txt\detail_cards\detail_report_9037.txt,https://biochemia.uwm.edu.pl/biopep/peptidedatacard.php?zm_ID=9037,ic50_needs_manual_review
biopep_ace_000361,9064,LEK,794.40 [EC50],794.4,,=,,numeric_no_unit,numeric_value_present_but_unit_missing,E:\MYS\PepDB\DB\raw\ace\databases\BIOPEP_UWM\experimental\raw_txt\detail_cards\detail_report_9064.txt,https://biochemia.uwm.edu.pl/biopep/peptidedatacard.php?zm_ID=9064,ic50_needs_manual_review
biopep_ace_000378,9081,PDLVF,84.90 [EC50],84.9,,=,,numeric_no_unit,numeric_value_present_but_unit_missing,E:\MYS\PepDB\DB\raw\ace\databases\BIOPEP_UWM\experimental\raw_txt\detail_cards\detail_report_9081.txt,https://biochemia.uwm.edu.pl/biopep/peptidedatacard.php?zm_ID=9081,ic50_needs_manual_review
biopep_ace_000485,9251,VVVPPF,1.18 [EC50],1.18,,=,,numeric_no_unit,numeric_value_present_but_unit_missing,E:\MYS\PepDB\DB\raw\ace\databases\BIOPEP_UWM\experimental\raw_txt\detail_cards\detail_report_9251.txt,https://biochemia.uwm.edu.pl/biopep/peptidedatacard.php?zm_ID=9251,ic50_needs_manual_review
biopep_ace_000516,9475,FHL,0.05 [EC50],0.05,,=,,numeric_no_unit,numeric_value_present_but_unit_missing,E:\MYS\PepDB\DB\raw\ace\databases\BIOPEP_UWM\experimental\raw_txt\detail_cards\detail_report_9475.txt,https://biochemia.uwm.edu.pl/biopep/peptidedatacard.php?zm_ID=9475,ic50_needs_manual_review
biopep_ace_000669,10161,LIIPEH,0.00 [EC50],0.0,,=,,numeric_no_unit,numeric_value_present_but_unit_missing,E:\MYS\PepDB\DB\raw\ace\databases\BIOPEP_UWM\experimental\raw_txt\detail_cards\detail_report_10161.txt,https://biochemia.uwm.edu.pl/biopep/peptidedatacard.php?zm_ID=10161,ic50_needs_manual_review
biopep_ace_000727,10645,PYPQR,0.00 [EC50],0.0,,=,,numeric_no_unit,numeric_value_present_but_unit_missing,E:\MYS\PepDB\DB\raw\ace\databases\BIOPEP_UWM\experimental\raw_txt\detail_cards\detail_report_10645.txt,https://biochemia.uwm.edu.pl/biopep/peptidedatacard.php?zm_ID=10645,ic50_needs_manual_review
biopep_ace_000728,10646,VAPFP,0.00 [EC50],0.0,,=,,numeric_no_unit,numeric_value_present_but_unit_missing,E:\MYS\PepDB\DB\raw\ace\databases\BIOPEP_UWM\experimental\raw_txt\detail_cards\detail_report_10646.txt,https://biochemia.uwm.edu.pl/biopep/peptidedatacard.php?zm_ID=10646,ic50_needs_manual_review
biopep_ace_000762,10892,APFL,0.00 [EC50],0.0,,=,,numeric_no_unit,numeric_value_present_but_unit_missing,E:\MYS\PepDB\DB\raw\ace\databases\BIOPEP_UWM\experimental\raw_txt\detail_cards\detail_report_10892.txt,https://biochemia.uwm.edu.pl/biopep/peptidedatacard.php?zm_ID=10892,ic50_needs_manual_review
biopep_ace_000763,10903,GPR,0.00 [EC50],0.0,,=,,numeric_no_unit,numeric_value_present_but_unit_missing,E:\MYS\PepDB\DB\raw\ace\databases\BIOPEP_UWM\experimental\raw_txt\detail_cards\detail_report_10903.txt,https://biochemia.uwm.edu.pl/biopep/peptidedatacard.php?zm_ID=10903,ic50_needs_manual_review
biopep_ace_000779,10998,YQ,0.00 [EC50],0.0,,=,,numeric_no_unit,numeric_value_present_but_unit_missing,E:\MYS\PepDB\DB\raw\ace\databases\BIOPEP_UWM\experimental\raw_txt\detail_cards\detail_report_10998.txt,https://biochemia.uwm.edu.pl/biopep/peptidedatacard.php?zm_ID=10998,ic50_needs_manual_review
biopep_ace_000798,11119,FPGGPP,0.00 [EC50],0.0,,=,,numeric_no_unit,numeric_value_present_but_unit_missing,E:\MYS\PepDB\DB\raw\ace\databases\BIOPEP_UWM\experimental\raw_txt\detail_cards\detail_report_11119.txt,https://biochemia.uwm.edu.pl/biopep/peptidedatacard.php?zm_ID=11119,ic50_needs_manual_review
