短肽类型,位置,氨基酸,频数,频率
二肽,位置1,A,3,0.032967
二肽,位置1,C,0,0
二肽,位置1,D,6,0.0659341
二肽,位置1,E,4,0.043956
二肽,位置1,F,6,0.0659341
二肽,位置1,G,12,0.131868
二肽,位置1,H,3,0.032967
二肽,位置1,I,3,0.032967
二肽,位置1,K,5,0.0549451
二肽,位置1,L,3,0.032967
二肽,位置1,M,5,0.0549451
二肽,位置1,N,5,0.0549451
二肽,位置1,P,3,0.032967
二肽,位置1,Q,4,0.043956
二肽,位置1,R,5,0.0549451
二肽,位置1,S,3,0.032967
二肽,位置1,T,2,0.021978
二肽,位置1,V,2,0.021978
二肽,位置1,W,9,0.0989011
二肽,位置1,Y,8,0.0879121
二肽,位置2,A,10,0.10989
二肽,位置2,C,0,0
二肽,位置2,D,1,0.010989
二肽,位置2,E,1,0.010989
二肽,位置2,F,4,0.043956
二肽,位置2,G,16,0.175824
二肽,位置2,H,4,0.043956
二肽,位置2,I,1,0.010989
二肽,位置2,K,7,0.0769231
二肽,位置2,L,10,0.10989
二肽,位置2,M,3,0.032967
二肽,位置2,N,2,0.021978
二肽,位置2,P,11,0.120879
二肽,位置2,Q,0,0
二肽,位置2,R,6,0.0659341
二肽,位置2,S,3,0.032967
二肽,位置2,T,3,0.032967
二肽,位置2,V,2,0.021978
二肽,位置2,W,3,0.032967
二肽,位置2,Y,4,0.043956
